domain,title,url
38south.com,,https://www.38south.com/?p=5374
38south.com,,https://www.38south.com/?p=6486
38south.com,,https://www.38south.com/?p=5857
38south.com,,https://www.38south.com/?p=5879
38south.com,,https://www.38south.com/?p=5734
38south.com,,https://www.38south.com/?p=7032
38south.com,,https://www.38south.com/?p=106
38south.com,,https://www.38south.com/?p=451
38south.com,,https://www.38south.com/?p=4626
38south.com,,https://www.38south.com/?p=43
38south.com,,https://www.38south.com/?p=292
38south.com,,https://www.38south.com/?p=1186
38south.com,,https://www.38south.com/?p=129
38south.com,,https://www.38south.com/?p=127
